{"<lambda>_0000:ncall": 0.0, "<lambda>_0000:sys": 0.00012800000000000002, "<lambda>_0000:usr": 0.004998000000000005, "<lambda>_0001:ncall": 0.0, "<lambda>_0001:sys": 1.4000000000000001e-05, "<lambda>_0001:usr": 0.033620000000000004, "AddComponentWaveforms:ncall": 4.0, "AddComponentWaveforms:sys": 4.9999999999999996e-06, "AddComponentWaveforms:usr": 0.00011, "AddTriggers_0000:ncall": 5.0, "AddTriggers_0000:sys": 0.0009969999999999998, "AddTriggers_0000:usr": 0.0008830000000000001, "DetectorResponse_dommb:ncall": 5.0, "DetectorResponse_dommb:sys": 0.24895599999999993, "DetectorResponse_dommb:usr": 33.309160000000006, "DetectorResponse_pmt:ncall": 5.0, "DetectorResponse_pmt:sys": 7e-06, "DetectorResponse_pmt:usr": 0.006021, "DetectorSim_cleanup:ncall": 0.0, "DetectorSim_cleanup:sys": 4.9999999999999996e-06, "DetectorSim_cleanup:usr": 0.00010300000000000001, "DetectorSim_triggersim_global_trig:ncall": 5.0, "DetectorSim_triggersim_global_trig:sys": 8e-06, "DetectorSim_triggersim_global_trig:usr": 0.000608, "I3Pruner_0000:ncall": 4.0, "I3Pruner_0000:sys": 5.999999999999999e-06, "I3Pruner_0000:usr": 0.023917, "I3TimeShifter_0000:ncall": 4.0, "I3TimeShifter_0000:sys": 0.002002, "I3TimeShifter_0000:usr": 0.025622, "I3TriggerSimModule_0000:ncall": 5.0, "I3TriggerSimModule_0000:sys": 8e-06, "I3TriggerSimModule_0000:usr": 0.0021190000000000002, "InjectDefaultDOMSets_0000:ncall": 5.0, "InjectDefaultDOMSets_0000:sys": 0.003006, "InjectDefaultDOMSets_0000:usr": 0.030729, "KeptEvents": 5.0, "LLPEventCounter_0000:ncall": 351.0, "LLPEventCounter_0000:sys": 0.0010479999999999997, "LLPEventCounter_0000:usr": 0.013085000000000024, "RejectedEvents": 0.0, "RemovedTreeBranches": 0.0, "RenamePESeriesMap:ncall": 0.0, "RenamePESeriesMap:sys": 5e-06, "RenamePESeriesMap:usr": 0.000126, "Rename_0000:ncall": 0.0, "Rename_0000:sys": 5e-06, "Rename_0000:usr": 0.00021, "TheSource:ncall": 0.0, "TheSource:sys": 0.017988, "TheSource:usr": 0.3710549999999957, "add_empty_pes_0000:ncall": 0.0, "add_empty_pes_0000:sys": 7e-06, "add_empty_pes_0000:usr": 0.000551, "count_triggers:ncall": 0.0, "count_triggers:sys": 0.0010040000000000001, "count_triggers:usr": 0.20835300000000007, "effective_area_0000:ncall": 0.0, "effective_area_0000:sys": 0.00040300000000000004, "effective_area_0000:usr": 0.022826000000000003, "hitfilter:ncall": 5.0, "hitfilter:sys": 0.001903, "hitfilter:usr": 0.02195, "muongun:ncall": 351.0, "muongun:sys": 0.0021239999999999996, "muongun:usr": 0.30581799999999987, "muongun_prepropMCTree:ncall": 0.0, "muongun_prepropMCTree:sys": 3.6e-05, "muongun_prepropMCTree:usr": 0.002251999999999991, "ppc:ncall": 5.0, "ppc:sys": 0.7777490000000001, "ppc:usr": 782.797792, "propagator_add_empty_tracklist:ncall": 0.0, "propagator_add_empty_tracklist:sys": 8.3e-05, "propagator_add_empty_tracklist:usr": 0.01095300000000001, "propagator_propagator:ncall": 351.0, "propagator_propagator:sys": 0.007011000000000001, "propagator_propagator:usr": 4.459234, "split:ncall": 0.0, "split:sys": 0.005006000000000001, "split:usr": 0.132935, "vuvuzela_DetectorSim_vuvuzela:ncall": 5.0, "vuvuzela_DetectorSim_vuvuzela:sys": 0.031096, "vuvuzela_DetectorSim_vuvuzela:usr": 1.775618, "weight:ncall": 351.0, "weight:sys": 2.6000000000000002e-05, "weight:usr": 0.010153999999999963, "write_simulation_information_0000:ncall": 0.0, "write_simulation_information_0000:sys": 0.000435, "write_simulation_information_0000:usr": 0.0017570000000000055, "writer:ncall": 0.0, "writer:sys": 0.0024609999999999996, "writer:usr": 0.025377999999999998}