{"AddComponentWaveforms:ncall": 27.0, "AddComponentWaveforms:sys": 1.8e-05, "AddComponentWaveforms:usr": 0.0002160000000000001, "ClusterTrigger_0000:ncall": 38.0, "ClusterTrigger_0000:sys": 3.1e-05, "ClusterTrigger_0000:usr": 0.0009070000000000001, "CylinderTrigger_0000:ncall": 38.0, "CylinderTrigger_0000:sys": 2.7000000000000002e-05, "CylinderTrigger_0000:usr": 0.0006779999999999999, "CylinderTrigger_0001:ncall": 38.0, "CylinderTrigger_0001:sys": 5.4999999999999995e-05, "CylinderTrigger_0001:usr": 0.0006529999999999998, "DetectorResponse_dommb:ncall": 38.0, "DetectorResponse_dommb:sys": 0.39071799999999995, "DetectorResponse_dommb:usr": 32.249366, "DetectorResponse_pmt:ncall": 38.0, "DetectorResponse_pmt:sys": 4.8e-05, "DetectorResponse_pmt:usr": 0.011357999999999998, "DetectorSim_cleanup:ncall": 0.0, "DetectorSim_cleanup:sys": 1.7e-05, "DetectorSim_cleanup:usr": 0.00017600000000000005, "DetectorSim_triggersim_global_trig:ncall": 38.0, "DetectorSim_triggersim_global_trig:sys": 9.999999999999999e-05, "DetectorSim_triggersim_global_trig:usr": 0.0015510000000000003, "I3Pruner_0000:ncall": 27.0, "I3Pruner_0000:sys": 0.000389, "I3Pruner_0000:usr": 0.006608, "I3TimeShifter_0000:ncall": 27.0, "I3TimeShifter_0000:sys": 0.002099, "I3TimeShifter_0000:usr": 0.023363, "RenamePESeriesMap:ncall": 0.0, "RenamePESeriesMap:sys": 3.2e-05, "RenamePESeriesMap:usr": 0.0002610000000000001, "SimpleMajorityTrigger_0000:ncall": 38.0, "SimpleMajorityTrigger_0000:sys": 2.9000000000000004e-05, "SimpleMajorityTrigger_0000:usr": 0.000789, "SimpleMajorityTrigger_0001:ncall": 38.0, "SimpleMajorityTrigger_0001:sys": 1.9e-05, "SimpleMajorityTrigger_0001:usr": 0.00043600000000000024, "SimpleMajorityTrigger_0002:ncall": 38.0, "SimpleMajorityTrigger_0002:sys": 2.2e-05, "SimpleMajorityTrigger_0002:usr": 0.0003349999999999999, "SlowMonopoleTrigger_0000:ncall": 38.0, "SlowMonopoleTrigger_0000:sys": 2.8e-05, "SlowMonopoleTrigger_0000:usr": 0.0005769999999999999, "count_triggers:ncall": 0.0, "count_triggers:sys": 0.00012099999999999999, "count_triggers:usr": 0.001592, "reader:ncall": 0.0, "reader:sys": 0.021814999999999998, "reader:usr": 0.3661039999999997, "split:ncall": 0.0, "split:sys": 0.004998, "split:usr": 0.081494, "vuvuzela_DetectorSim_vuvuzela:ncall": 38.0, "vuvuzela_DetectorSim_vuvuzela:sys": 0.01208, "vuvuzela_DetectorSim_vuvuzela:usr": 0.3224149999999999, "writer:ncall": 0.0, "writer:sys": 0.0021850000000000003, "writer:usr": 0.024059000000000004}