{"<lambda>_0000:ncall": 0.0, "<lambda>_0000:sys": 0.2248979999999931, "<lambda>_0000:usr": 10.961475999949645, "<lambda>_0001:ncall": 0.0, "<lambda>_0001:sys": 0.23773700000000758, "<lambda>_0001:usr": 27.41408599998984, "AddComponentWaveforms:ncall": 5756.0, "AddComponentWaveforms:sys": 0.0015579999999999993, "AddComponentWaveforms:usr": 0.08758800000000239, "AddTriggers_0000:ncall": 9681.0, "AddTriggers_0000:sys": 0.0029600000000000125, "AddTriggers_0000:usr": 0.1323339999999978, "DetectorResponse_dommb:ncall": 9681.0, "DetectorResponse_dommb:sys": 2.8247600000000115, "DetectorResponse_dommb:usr": 44.16594599999994, "DetectorResponse_pmt:ncall": 9681.0, "DetectorResponse_pmt:sys": 0.15386300000000075, "DetectorResponse_pmt:usr": 5.486222999999994, "DetectorSim_cleanup:ncall": 0.0, "DetectorSim_cleanup:sys": 0.0013540000000000006, "DetectorSim_cleanup:usr": 0.0681629999999955, "DetectorSim_triggersim_global_trig:ncall": 9681.0, "DetectorSim_triggersim_global_trig:sys": 0.018823999999999976, "DetectorSim_triggersim_global_trig:usr": 1.0306319999999956, "I3Pruner_0000:ncall": 5756.0, "I3Pruner_0000:sys": 0.07469700000000014, "I3Pruner_0000:usr": 2.990300000000011, "I3TimeShifter_0000:ncall": 5756.0, "I3TimeShifter_0000:sys": 0.08293500000000009, "I3TimeShifter_0000:usr": 3.4637789999999913, "I3TriggerSimModule_0000:ncall": 9681.0, "I3TriggerSimModule_0000:sys": 0.05881600000000052, "I3TriggerSimModule_0000:usr": 3.817993999999998, "InjectDefaultDOMSets_0000:ncall": 9681.0, "InjectDefaultDOMSets_0000:sys": 0.003262000000000019, "InjectDefaultDOMSets_0000:usr": 0.24306699999997372, "KeptEvents": 9681.0, "LLPEventCounter_0000:ncall": 730137.0, "LLPEventCounter_0000:sys": 0.1947190000000081, "LLPEventCounter_0000:usr": 13.979257999988048, "ProductionHistogramModule_0000:ncall": 5756.0, "ProductionHistogramModule_0000:sys": 0.221888, "ProductionHistogramModule_0000:usr": 74.82757900000001, "RejectedEvents": 0.0, "RemovedTreeBranches": 0.0, "RenamePESeriesMap:ncall": 0.0, "RenamePESeriesMap:sys": 0.0026729999999999996, "RenamePESeriesMap:usr": 0.11164299999998925, "Rename_0000:ncall": 0.0, "Rename_0000:sys": 0.00526900000000002, "Rename_0000:usr": 0.32962899999999656, "TheSource:ncall": 0.0, "TheSource:sys": 0.12232000000001762, "TheSource:usr": 5.528115999950069, "add_empty_pes_0000:ncall": 0.0, "add_empty_pes_0000:sys": 0.0033030000000000095, "add_empty_pes_0000:usr": 0.28264299999999126, "count_triggers:ncall": 0.0, "count_triggers:sys": 0.002303, "count_triggers:usr": 0.10728600000000704, "effective_area_0000:ncall": 0.0, "effective_area_0000:sys": 0.7749819999999824, "effective_area_0000:usr": 52.65795000004874, "hitfilter:ncall": 9681.0, "hitfilter:sys": 0.03245100000000027, "hitfilter:usr": 1.1814859999999936, "muongun:ncall": 730137.0, "muongun:sys": 6.435137000000909, "muongun:usr": 529.4274549999827, "muongun_prepropMCTree:ncall": 0.0, "muongun_prepropMCTree:sys": 0.10034000000000137, "muongun_prepropMCTree:usr": 5.392174999982327, "ppc:ncall": 10000.0, "ppc:sys": 1.668489999999991, "ppc:usr": 20.414329999999957, "propagator_add_empty_tracklist:ncall": 0.0, "propagator_add_empty_tracklist:sys": 0.3278089999999712, "propagator_add_empty_tracklist:usr": 31.35779999998306, "propagator_propagator:ncall": 730137.0, "propagator_propagator:sys": 13.342206999999052, "propagator_propagator:usr": 8181.614122999998, "split:ncall": 0.0, "split:sys": 0.0969810000000012, "split:usr": 26.930668000000047, "vuvuzela_DetectorSim_vuvuzela:ncall": 9681.0, "vuvuzela_DetectorSim_vuvuzela:sys": 1.518237999999985, "vuvuzela_DetectorSim_vuvuzela:usr": 29.79999100000005, "weight:ncall": 730137.0, "weight:sys": 0.13350099999999795, "weight:usr": 9.993132999962054, "write_simulation_information_0000:ncall": 0.0, "write_simulation_information_0000:sys": 0.08107800000000143, "write_simulation_information_0000:usr": 4.208690999965486, "writer:ncall": 0.0, "writer:sys": 0.7565130000000035, "writer:usr": 7.989664999999987}